image,caption
synthetic_0001.jpg,A red car is shown in a yard.
synthetic_0002.jpg,A blue flower is shown in a yard.
synthetic_0003.jpg,A yellow bird is shown in a park.
synthetic_0004.jpg,A blue flower is shown in a field.
synthetic_0005.jpg,A blue boat is shown in a yard.
synthetic_0006.jpg,A yellow flower is shown in a field.
synthetic_0007.jpg,A purple tree is shown in a beach.
synthetic_0008.jpg,A blue tree is shown in a garden.
synthetic_0009.jpg,A red cat is shown in a garden.
synthetic_0010.jpg,A green bird is shown in a park.
synthetic_0011.jpg,A red boat is shown in a beach.
synthetic_0012.jpg,A green bird is shown in a field.
synthetic_0013.jpg,A purple ball is shown in a street.
synthetic_0014.jpg,A blue car is shown in a park.
synthetic_0015.jpg,A purple bicycle is shown in a garden.
synthetic_0016.jpg,A blue dog is shown in a yard.
synthetic_0017.jpg,A purple bird is shown in a street.
synthetic_0018.jpg,A yellow tree is shown in a beach.
synthetic_0019.jpg,A red dog is shown in a street.
synthetic_0020.jpg,A yellow dog is shown in a garden.
synthetic_0021.jpg,A purple bird is shown in a garden.
synthetic_0022.jpg,A purple cat is shown in a beach.
synthetic_0023.jpg,A blue tree is shown in a yard.
synthetic_0024.jpg,A yellow bird is shown in a field.
synthetic_0025.jpg,A blue flower is shown in a field.
synthetic_0026.jpg,A red ball is shown in a street.
synthetic_0027.jpg,A orange cat is shown in a park.
synthetic_0028.jpg,A yellow bird is shown in a field.
synthetic_0029.jpg,A purple car is shown in a field.
synthetic_0030.jpg,A red dog is shown in a garden.
synthetic_0031.jpg,A red bicycle is shown in a yard.
synthetic_0032.jpg,A blue boat is shown in a field.
synthetic_0033.jpg,A purple house is shown in a field.
synthetic_0034.jpg,A green tree is shown in a street.
synthetic_0035.jpg,A green bird is shown in a beach.
synthetic_0036.jpg,A green dog is shown in a street.
synthetic_0037.jpg,A red bird is shown in a park.
synthetic_0038.jpg,A orange car is shown in a street.
synthetic_0039.jpg,A blue boat is shown in a garden.
synthetic_0040.jpg,A orange flower is shown in a yard.
synthetic_0041.jpg,A yellow house is shown in a yard.
synthetic_0042.jpg,A orange bicycle is shown in a beach.
synthetic_0043.jpg,A red flower is shown in a garden.
synthetic_0044.jpg,A blue bird is shown in a park.
synthetic_0045.jpg,A red flower is shown in a park.
synthetic_0046.jpg,A orange car is shown in a street.
synthetic_0047.jpg,A orange flower is shown in a street.
synthetic_0048.jpg,A yellow flower is shown in a beach.
synthetic_0049.jpg,A purple car is shown in a beach.
synthetic_0050.jpg,A yellow cat is shown in a yard.
synthetic_0051.jpg,A yellow ball is shown in a yard.
synthetic_0052.jpg,A blue flower is shown in a street.
synthetic_0053.jpg,A yellow tree is shown in a street.
synthetic_0054.jpg,A red flower is shown in a beach.
synthetic_0055.jpg,A purple ball is shown in a field.
synthetic_0056.jpg,A blue car is shown in a street.
synthetic_0057.jpg,A blue bicycle is shown in a beach.
synthetic_0058.jpg,A yellow tree is shown in a park.
synthetic_0059.jpg,A green bicycle is shown in a beach.
synthetic_0060.jpg,A blue tree is shown in a garden.
synthetic_0061.jpg,A purple bird is shown in a field.
synthetic_0062.jpg,A red ball is shown in a field.
synthetic_0063.jpg,A blue boat is shown in a park.
synthetic_0064.jpg,A red tree is shown in a field.
synthetic_0065.jpg,A red cat is shown in a field.
synthetic_0066.jpg,A red bird is shown in a beach.
synthetic_0067.jpg,A blue house is shown in a yard.
synthetic_0068.jpg,A green flower is shown in a beach.
synthetic_0069.jpg,A green bicycle is shown in a park.
synthetic_0070.jpg,A orange bird is shown in a park.
synthetic_0071.jpg,A green boat is shown in a street.
synthetic_0072.jpg,A blue car is shown in a garden.
synthetic_0073.jpg,A orange bicycle is shown in a yard.
synthetic_0074.jpg,A green boat is shown in a yard.
synthetic_0075.jpg,A red house is shown in a park.
synthetic_0076.jpg,A green house is shown in a field.
synthetic_0077.jpg,A purple flower is shown in a yard.
synthetic_0078.jpg,A yellow boat is shown in a garden.
synthetic_0079.jpg,A purple car is shown in a beach.
synthetic_0080.jpg,A red ball is shown in a garden.
synthetic_0081.jpg,A blue house is shown in a yard.
synthetic_0082.jpg,A red boat is shown in a park.
synthetic_0083.jpg,A red boat is shown in a garden.
synthetic_0084.jpg,A blue cat is shown in a park.
synthetic_0085.jpg,A green ball is shown in a street.
synthetic_0086.jpg,A green car is shown in a field.
synthetic_0087.jpg,A purple bird is shown in a street.
synthetic_0088.jpg,A blue tree is shown in a beach.
synthetic_0089.jpg,A yellow dog is shown in a yard.
synthetic_0090.jpg,A blue house is shown in a yard.
synthetic_0091.jpg,A yellow ball is shown in a street.
synthetic_0092.jpg,A green dog is shown in a street.
synthetic_0093.jpg,A yellow flower is shown in a garden.
synthetic_0094.jpg,A green house is shown in a yard.
synthetic_0095.jpg,A green boat is shown in a park.
synthetic_0096.jpg,A orange tree is shown in a garden.
synthetic_0097.jpg,A yellow bird is shown in a garden.
synthetic_0098.jpg,A orange cat is shown in a field.
synthetic_0099.jpg,A blue bird is shown in a garden.
synthetic_0100.jpg,A orange ball is shown in a field.
synthetic_0101.jpg,A yellow dog is shown in a park.
synthetic_0102.jpg,A green bird is shown in a yard.
synthetic_0103.jpg,A orange house is shown in a garden.
synthetic_0104.jpg,A yellow dog is shown in a yard.
synthetic_0105.jpg,A yellow flower is shown in a yard.
synthetic_0106.jpg,A orange tree is shown in a field.
synthetic_0107.jpg,A red boat is shown in a garden.
synthetic_0108.jpg,A orange cat is shown in a field.
synthetic_0109.jpg,A yellow bicycle is shown in a beach.
synthetic_0110.jpg,A yellow boat is shown in a yard.
synthetic_0111.jpg,A orange house is shown in a yard.
synthetic_0112.jpg,A blue car is shown in a yard.
synthetic_0113.jpg,A blue flower is shown in a park.
synthetic_0114.jpg,A orange bicycle is shown in a park.
synthetic_0115.jpg,A blue bird is shown in a yard.
synthetic_0116.jpg,A yellow bicycle is shown in a street.
synthetic_0117.jpg,A yellow car is shown in a street.
synthetic_0118.jpg,A orange ball is shown in a street.
synthetic_0119.jpg,A blue bicycle is shown in a beach.
synthetic_0120.jpg,A orange bicycle is shown in a yard.
synthetic_0121.jpg,A orange cat is shown in a beach.
synthetic_0122.jpg,A yellow bicycle is shown in a garden.
synthetic_0123.jpg,A orange house is shown in a beach.
synthetic_0124.jpg,A yellow house is shown in a park.
synthetic_0125.jpg,A green flower is shown in a garden.
synthetic_0126.jpg,A blue tree is shown in a street.
synthetic_0127.jpg,A red flower is shown in a beach.
synthetic_0128.jpg,A yellow boat is shown in a beach.
synthetic_0129.jpg,A yellow cat is shown in a field.
synthetic_0130.jpg,A yellow bird is shown in a beach.
synthetic_0131.jpg,A yellow house is shown in a beach.
synthetic_0132.jpg,A blue bicycle is shown in a garden.
synthetic_0133.jpg,A yellow ball is shown in a garden.
synthetic_0134.jpg,A yellow tree is shown in a street.
synthetic_0135.jpg,A orange cat is shown in a field.
synthetic_0136.jpg,A purple car is shown in a beach.
synthetic_0137.jpg,A red tree is shown in a garden.
synthetic_0138.jpg,A yellow flower is shown in a garden.
synthetic_0139.jpg,A yellow house is shown in a garden.
synthetic_0140.jpg,A red bicycle is shown in a yard.
synthetic_0141.jpg,A blue dog is shown in a yard.
synthetic_0142.jpg,A blue ball is shown in a street.
synthetic_0143.jpg,A blue bird is shown in a street.
synthetic_0144.jpg,A orange car is shown in a street.
synthetic_0145.jpg,A blue dog is shown in a field.
synthetic_0146.jpg,A green tree is shown in a park.
synthetic_0147.jpg,A orange house is shown in a yard.
synthetic_0148.jpg,A purple cat is shown in a street.
synthetic_0149.jpg,A purple car is shown in a garden.
synthetic_0150.jpg,A red bird is shown in a garden.
synthetic_0151.jpg,A red dog is shown in a field.
synthetic_0152.jpg,A yellow ball is shown in a beach.
synthetic_0153.jpg,A purple dog is shown in a beach.
synthetic_0154.jpg,A blue cat is shown in a yard.
synthetic_0155.jpg,A orange bird is shown in a beach.
synthetic_0156.jpg,A green bird is shown in a garden.
synthetic_0157.jpg,A green car is shown in a beach.
synthetic_0158.jpg,A orange bird is shown in a yard.
synthetic_0159.jpg,A yellow ball is shown in a garden.
synthetic_0160.jpg,A green flower is shown in a garden.
synthetic_0161.jpg,A purple bird is shown in a garden.
synthetic_0162.jpg,A blue boat is shown in a park.
synthetic_0163.jpg,A orange bicycle is shown in a street.
synthetic_0164.jpg,A yellow bicycle is shown in a park.
synthetic_0165.jpg,A yellow flower is shown in a yard.
synthetic_0166.jpg,A green bird is shown in a beach.
synthetic_0167.jpg,A purple cat is shown in a field.
synthetic_0168.jpg,A green bicycle is shown in a garden.
synthetic_0169.jpg,A purple car is shown in a street.
synthetic_0170.jpg,A purple boat is shown in a street.
synthetic_0171.jpg,A green bicycle is shown in a yard.
synthetic_0172.jpg,A blue car is shown in a garden.
synthetic_0173.jpg,A green tree is shown in a park.
synthetic_0174.jpg,A red house is shown in a park.
synthetic_0175.jpg,A purple tree is shown in a beach.
synthetic_0176.jpg,A green bird is shown in a beach.
synthetic_0177.jpg,A blue dog is shown in a park.
synthetic_0178.jpg,A red car is shown in a beach.
synthetic_0179.jpg,A purple bird is shown in a yard.
synthetic_0180.jpg,A orange tree is shown in a garden.
synthetic_0181.jpg,A orange car is shown in a beach.
synthetic_0182.jpg,A yellow boat is shown in a beach.
synthetic_0183.jpg,A orange house is shown in a beach.
synthetic_0184.jpg,A purple bird is shown in a park.
synthetic_0185.jpg,A green flower is shown in a yard.
synthetic_0186.jpg,A blue flower is shown in a field.
synthetic_0187.jpg,A yellow ball is shown in a beach.
synthetic_0188.jpg,A red house is shown in a street.
synthetic_0189.jpg,A red bicycle is shown in a yard.
synthetic_0190.jpg,A purple bird is shown in a street.
synthetic_0191.jpg,A blue boat is shown in a yard.
synthetic_0192.jpg,A red tree is shown in a park.
synthetic_0193.jpg,A purple bird is shown in a field.
synthetic_0194.jpg,A red bicycle is shown in a beach.
synthetic_0195.jpg,A green cat is shown in a field.
synthetic_0196.jpg,A red bicycle is shown in a field.
synthetic_0197.jpg,A orange dog is shown in a garden.
synthetic_0198.jpg,A purple flower is shown in a field.
synthetic_0199.jpg,A orange house is shown in a park.
synthetic_0200.jpg,A orange bicycle is shown in a yard.
synthetic_0201.jpg,A orange tree is shown in a beach.
synthetic_0202.jpg,A yellow car is shown in a garden.
synthetic_0203.jpg,A purple dog is shown in a park.
synthetic_0204.jpg,A yellow dog is shown in a yard.
synthetic_0205.jpg,A orange cat is shown in a park.
synthetic_0206.jpg,A green dog is shown in a garden.
synthetic_0207.jpg,A red boat is shown in a yard.
synthetic_0208.jpg,A red cat is shown in a street.
synthetic_0209.jpg,A yellow bird is shown in a yard.
synthetic_0210.jpg,A green flower is shown in a field.
synthetic_0211.jpg,A purple bicycle is shown in a beach.
synthetic_0212.jpg,A blue bird is shown in a yard.
synthetic_0213.jpg,A red boat is shown in a field.
synthetic_0214.jpg,A red flower is shown in a beach.
synthetic_0215.jpg,A purple bicycle is shown in a garden.
synthetic_0216.jpg,A yellow cat is shown in a beach.
synthetic_0217.jpg,A blue boat is shown in a beach.
synthetic_0218.jpg,A red tree is shown in a garden.
synthetic_0219.jpg,A orange dog is shown in a garden.
synthetic_0220.jpg,A purple house is shown in a garden.
synthetic_0221.jpg,A yellow tree is shown in a field.
synthetic_0222.jpg,A orange dog is shown in a field.
synthetic_0223.jpg,A blue dog is shown in a yard.
synthetic_0224.jpg,A yellow flower is shown in a park.
synthetic_0225.jpg,A yellow cat is shown in a yard.
synthetic_0226.jpg,A red bicycle is shown in a street.
synthetic_0227.jpg,A yellow car is shown in a park.
synthetic_0228.jpg,A purple ball is shown in a street.
synthetic_0229.jpg,A yellow car is shown in a garden.
synthetic_0230.jpg,A green car is shown in a yard.
synthetic_0231.jpg,A purple dog is shown in a yard.
synthetic_0232.jpg,A red boat is shown in a field.
synthetic_0233.jpg,A blue house is shown in a yard.
synthetic_0234.jpg,A purple car is shown in a yard.
synthetic_0235.jpg,A blue bicycle is shown in a yard.
synthetic_0236.jpg,A green ball is shown in a park.
synthetic_0237.jpg,A yellow dog is shown in a street.
synthetic_0238.jpg,A purple bird is shown in a street.
synthetic_0239.jpg,A orange car is shown in a beach.
synthetic_0240.jpg,A orange bicycle is shown in a street.
synthetic_0241.jpg,A yellow house is shown in a garden.
synthetic_0242.jpg,A green bicycle is shown in a yard.
synthetic_0243.jpg,A yellow car is shown in a garden.
synthetic_0244.jpg,A purple cat is shown in a garden.
synthetic_0245.jpg,A yellow flower is shown in a beach.
synthetic_0246.jpg,A orange cat is shown in a garden.
synthetic_0247.jpg,A red house is shown in a yard.
synthetic_0248.jpg,A orange ball is shown in a yard.
synthetic_0249.jpg,A purple bird is shown in a beach.
synthetic_0250.jpg,A orange flower is shown in a garden.
synthetic_0251.jpg,A green bird is shown in a yard.
synthetic_0252.jpg,A purple car is shown in a yard.
synthetic_0253.jpg,A red bicycle is shown in a field.
synthetic_0254.jpg,A green car is shown in a garden.
synthetic_0255.jpg,A blue tree is shown in a street.
synthetic_0256.jpg,A orange boat is shown in a garden.
synthetic_0257.jpg,A yellow house is shown in a garden.
synthetic_0258.jpg,A yellow car is shown in a park.
synthetic_0259.jpg,A orange cat is shown in a garden.
synthetic_0260.jpg,A green ball is shown in a field.
synthetic_0261.jpg,A purple dog is shown in a yard.
synthetic_0262.jpg,A yellow bird is shown in a yard.
synthetic_0263.jpg,A purple car is shown in a street.
synthetic_0264.jpg,A orange bird is shown in a garden.
synthetic_0265.jpg,A purple car is shown in a beach.
synthetic_0266.jpg,A red cat is shown in a street.
synthetic_0267.jpg,A yellow house is shown in a park.
synthetic_0268.jpg,A blue boat is shown in a beach.
synthetic_0269.jpg,A yellow boat is shown in a field.
synthetic_0270.jpg,A purple cat is shown in a park.
synthetic_0271.jpg,A yellow bird is shown in a garden.
synthetic_0272.jpg,A yellow flower is shown in a beach.
synthetic_0273.jpg,A purple car is shown in a garden.
synthetic_0274.jpg,A yellow ball is shown in a garden.
synthetic_0275.jpg,A red bicycle is shown in a yard.
synthetic_0276.jpg,A green ball is shown in a street.
synthetic_0277.jpg,A orange car is shown in a street.
synthetic_0278.jpg,A green flower is shown in a street.
synthetic_0279.jpg,A blue house is shown in a street.
synthetic_0280.jpg,A red tree is shown in a yard.
synthetic_0281.jpg,A red tree is shown in a garden.
synthetic_0282.jpg,A green bird is shown in a park.
synthetic_0283.jpg,A blue ball is shown in a yard.
synthetic_0284.jpg,A yellow car is shown in a beach.
synthetic_0285.jpg,A orange boat is shown in a park.
synthetic_0286.jpg,A orange flower is shown in a park.
synthetic_0287.jpg,A purple bicycle is shown in a park.
synthetic_0288.jpg,A yellow cat is shown in a yard.
synthetic_0289.jpg,A red bicycle is shown in a park.
synthetic_0290.jpg,A blue car is shown in a garden.
synthetic_0291.jpg,A orange cat is shown in a field.
synthetic_0292.jpg,A orange boat is shown in a beach.
synthetic_0293.jpg,A purple boat is shown in a street.
synthetic_0294.jpg,A yellow flower is shown in a garden.
synthetic_0295.jpg,A yellow cat is shown in a yard.
synthetic_0296.jpg,A green cat is shown in a yard.
synthetic_0297.jpg,A purple tree is shown in a beach.
synthetic_0298.jpg,A red car is shown in a beach.
synthetic_0299.jpg,A orange tree is shown in a park.
synthetic_0300.jpg,A yellow car is shown in a garden.
synthetic_0301.jpg,A green ball is shown in a field.
synthetic_0302.jpg,A orange car is shown in a field.
synthetic_0303.jpg,A blue bicycle is shown in a park.
synthetic_0304.jpg,A green car is shown in a field.
synthetic_0305.jpg,A orange boat is shown in a field.
synthetic_0306.jpg,A purple bird is shown in a yard.
synthetic_0307.jpg,A green tree is shown in a yard.
synthetic_0308.jpg,A green dog is shown in a park.
synthetic_0309.jpg,A purple bird is shown in a beach.
synthetic_0310.jpg,A red ball is shown in a yard.
synthetic_0311.jpg,A yellow cat is shown in a beach.
synthetic_0312.jpg,A green dog is shown in a yard.
synthetic_0313.jpg,A blue ball is shown in a street.
synthetic_0314.jpg,A green car is shown in a beach.
synthetic_0315.jpg,A orange bicycle is shown in a beach.
synthetic_0316.jpg,A orange flower is shown in a park.
synthetic_0317.jpg,A green car is shown in a yard.
synthetic_0318.jpg,A purple boat is shown in a garden.
synthetic_0319.jpg,A orange cat is shown in a park.
synthetic_0320.jpg,A blue house is shown in a street.
synthetic_0321.jpg,A green house is shown in a park.
synthetic_0322.jpg,A blue cat is shown in a street.
synthetic_0323.jpg,A orange boat is shown in a yard.
synthetic_0324.jpg,A yellow car is shown in a yard.
synthetic_0325.jpg,A yellow ball is shown in a park.
synthetic_0326.jpg,A yellow bird is shown in a field.
synthetic_0327.jpg,A red house is shown in a beach.
synthetic_0328.jpg,A orange tree is shown in a beach.
synthetic_0329.jpg,A yellow car is shown in a park.
synthetic_0330.jpg,A yellow bird is shown in a field.
synthetic_0331.jpg,A purple house is shown in a garden.
synthetic_0332.jpg,A red tree is shown in a field.
synthetic_0333.jpg,A orange boat is shown in a street.
synthetic_0334.jpg,A purple dog is shown in a yard.
synthetic_0335.jpg,A red flower is shown in a street.
synthetic_0336.jpg,A orange tree is shown in a street.
synthetic_0337.jpg,A purple tree is shown in a beach.
synthetic_0338.jpg,A purple bird is shown in a yard.
synthetic_0339.jpg,A blue dog is shown in a beach.
synthetic_0340.jpg,A purple bicycle is shown in a garden.
synthetic_0341.jpg,A red bird is shown in a garden.
synthetic_0342.jpg,A yellow house is shown in a beach.
synthetic_0343.jpg,A green dog is shown in a park.
synthetic_0344.jpg,A orange bird is shown in a field.
synthetic_0345.jpg,A orange bird is shown in a yard.
synthetic_0346.jpg,A orange bicycle is shown in a yard.
synthetic_0347.jpg,A yellow bird is shown in a field.
synthetic_0348.jpg,A red bicycle is shown in a garden.
synthetic_0349.jpg,A purple boat is shown in a street.
synthetic_0350.jpg,A yellow bicycle is shown in a field.
synthetic_0351.jpg,A green dog is shown in a garden.
synthetic_0352.jpg,A purple dog is shown in a field.
synthetic_0353.jpg,A green car is shown in a park.
synthetic_0354.jpg,A green house is shown in a yard.
synthetic_0355.jpg,A red dog is shown in a field.
synthetic_0356.jpg,A green dog is shown in a yard.
synthetic_0357.jpg,A orange tree is shown in a yard.
synthetic_0358.jpg,A orange house is shown in a beach.
synthetic_0359.jpg,A purple tree is shown in a yard.
synthetic_0360.jpg,A orange cat is shown in a garden.
synthetic_0361.jpg,A blue house is shown in a street.
synthetic_0362.jpg,A blue flower is shown in a street.
synthetic_0363.jpg,A red house is shown in a field.
synthetic_0364.jpg,A orange dog is shown in a street.
synthetic_0365.jpg,A blue tree is shown in a street.
synthetic_0366.jpg,A red bicycle is shown in a beach.
synthetic_0367.jpg,A orange bicycle is shown in a garden.
synthetic_0368.jpg,A orange flower is shown in a street.
synthetic_0369.jpg,A green flower is shown in a yard.
synthetic_0370.jpg,A green bicycle is shown in a beach.
synthetic_0371.jpg,A blue tree is shown in a field.
synthetic_0372.jpg,A purple ball is shown in a beach.
synthetic_0373.jpg,A red boat is shown in a yard.
synthetic_0374.jpg,A red house is shown in a street.
synthetic_0375.jpg,A blue boat is shown in a beach.
synthetic_0376.jpg,A green bicycle is shown in a park.
synthetic_0377.jpg,A orange cat is shown in a garden.
synthetic_0378.jpg,A green car is shown in a street.
synthetic_0379.jpg,A purple car is shown in a yard.
synthetic_0380.jpg,A red tree is shown in a garden.
synthetic_0381.jpg,A purple tree is shown in a beach.
synthetic_0382.jpg,A red car is shown in a garden.
synthetic_0383.jpg,A purple boat is shown in a field.
synthetic_0384.jpg,A green car is shown in a street.
synthetic_0385.jpg,A blue ball is shown in a beach.
synthetic_0386.jpg,A red car is shown in a beach.
synthetic_0387.jpg,A orange boat is shown in a street.
synthetic_0388.jpg,A yellow house is shown in a park.
synthetic_0389.jpg,A orange flower is shown in a beach.
synthetic_0390.jpg,A green boat is shown in a park.
synthetic_0391.jpg,A orange boat is shown in a park.
synthetic_0392.jpg,A purple ball is shown in a beach.
synthetic_0393.jpg,A green ball is shown in a park.
synthetic_0394.jpg,A orange car is shown in a yard.
synthetic_0395.jpg,A red tree is shown in a garden.
synthetic_0396.jpg,A purple tree is shown in a beach.
synthetic_0397.jpg,A blue tree is shown in a park.
synthetic_0398.jpg,A green ball is shown in a street.
synthetic_0399.jpg,A green ball is shown in a garden.
synthetic_0400.jpg,A yellow boat is shown in a garden.
synthetic_0401.jpg,A green house is shown in a park.
synthetic_0402.jpg,A red house is shown in a garden.
synthetic_0403.jpg,A yellow bicycle is shown in a garden.
synthetic_0404.jpg,A green bicycle is shown in a field.
synthetic_0405.jpg,A red cat is shown in a beach.
synthetic_0406.jpg,A green boat is shown in a garden.
synthetic_0407.jpg,A purple dog is shown in a garden.
synthetic_0408.jpg,A purple bird is shown in a beach.
synthetic_0409.jpg,A yellow dog is shown in a park.
synthetic_0410.jpg,A yellow bird is shown in a garden.
synthetic_0411.jpg,A purple car is shown in a yard.
synthetic_0412.jpg,A purple boat is shown in a yard.
synthetic_0413.jpg,A orange tree is shown in a yard.
synthetic_0414.jpg,A blue ball is shown in a park.
synthetic_0415.jpg,A yellow dog is shown in a field.
synthetic_0416.jpg,A green bicycle is shown in a garden.
synthetic_0417.jpg,A blue bird is shown in a field.
synthetic_0418.jpg,A purple dog is shown in a garden.
synthetic_0419.jpg,A purple ball is shown in a street.
synthetic_0420.jpg,A red boat is shown in a garden.
synthetic_0421.jpg,A blue bicycle is shown in a field.
synthetic_0422.jpg,A red flower is shown in a street.
synthetic_0423.jpg,A blue bicycle is shown in a yard.
synthetic_0424.jpg,A purple dog is shown in a garden.
synthetic_0425.jpg,A orange boat is shown in a garden.
synthetic_0426.jpg,A purple tree is shown in a yard.
synthetic_0427.jpg,A orange dog is shown in a street.
synthetic_0428.jpg,A blue tree is shown in a beach.
synthetic_0429.jpg,A orange boat is shown in a garden.
synthetic_0430.jpg,A red bird is shown in a park.
synthetic_0431.jpg,A orange bicycle is shown in a beach.
synthetic_0432.jpg,A red bird is shown in a street.
synthetic_0433.jpg,A yellow bicycle is shown in a yard.
synthetic_0434.jpg,A orange tree is shown in a yard.
synthetic_0435.jpg,A yellow tree is shown in a field.
synthetic_0436.jpg,A orange car is shown in a street.
synthetic_0437.jpg,A green tree is shown in a yard.
synthetic_0438.jpg,A green boat is shown in a park.
synthetic_0439.jpg,A green boat is shown in a street.
synthetic_0440.jpg,A orange bird is shown in a park.
synthetic_0441.jpg,A orange bird is shown in a street.
synthetic_0442.jpg,A red bird is shown in a park.
synthetic_0443.jpg,A green bird is shown in a yard.
synthetic_0444.jpg,A purple bird is shown in a park.
synthetic_0445.jpg,A yellow house is shown in a street.
synthetic_0446.jpg,A yellow house is shown in a park.
synthetic_0447.jpg,A yellow tree is shown in a beach.
synthetic_0448.jpg,A green flower is shown in a field.
synthetic_0449.jpg,A purple dog is shown in a garden.
synthetic_0450.jpg,A orange dog is shown in a field.
synthetic_0451.jpg,A yellow flower is shown in a park.
synthetic_0452.jpg,A blue flower is shown in a park.
synthetic_0453.jpg,A orange cat is shown in a beach.
synthetic_0454.jpg,A orange dog is shown in a yard.
synthetic_0455.jpg,A yellow tree is shown in a field.
synthetic_0456.jpg,A yellow house is shown in a park.
synthetic_0457.jpg,A yellow boat is shown in a street.
synthetic_0458.jpg,A red ball is shown in a garden.
synthetic_0459.jpg,A orange house is shown in a park.
synthetic_0460.jpg,A blue cat is shown in a garden.
synthetic_0461.jpg,A green cat is shown in a park.
synthetic_0462.jpg,A orange bird is shown in a street.
synthetic_0463.jpg,A yellow car is shown in a field.
synthetic_0464.jpg,A purple bird is shown in a field.
synthetic_0465.jpg,A yellow car is shown in a garden.
synthetic_0466.jpg,A green boat is shown in a street.
synthetic_0467.jpg,A orange cat is shown in a park.
synthetic_0468.jpg,A purple tree is shown in a garden.
synthetic_0469.jpg,A yellow boat is shown in a street.
synthetic_0470.jpg,A green tree is shown in a field.
synthetic_0471.jpg,A orange cat is shown in a yard.
synthetic_0472.jpg,A green bird is shown in a field.
synthetic_0473.jpg,A yellow boat is shown in a yard.
synthetic_0474.jpg,A red bicycle is shown in a garden.
synthetic_0475.jpg,A orange cat is shown in a garden.
synthetic_0476.jpg,A yellow bird is shown in a garden.
synthetic_0477.jpg,A orange ball is shown in a beach.
synthetic_0478.jpg,A purple tree is shown in a street.
synthetic_0479.jpg,A red flower is shown in a beach.
synthetic_0480.jpg,A yellow tree is shown in a yard.
synthetic_0481.jpg,A orange boat is shown in a beach.
synthetic_0482.jpg,A orange tree is shown in a street.
synthetic_0483.jpg,A orange bicycle is shown in a beach.
synthetic_0484.jpg,A orange bicycle is shown in a garden.
synthetic_0485.jpg,A orange house is shown in a beach.
synthetic_0486.jpg,A orange house is shown in a garden.
synthetic_0487.jpg,A purple house is shown in a street.
synthetic_0488.jpg,A yellow dog is shown in a garden.
synthetic_0489.jpg,A red house is shown in a field.
synthetic_0490.jpg,A green cat is shown in a street.
synthetic_0491.jpg,A purple house is shown in a park.
synthetic_0492.jpg,A purple house is shown in a beach.
synthetic_0493.jpg,A green boat is shown in a field.
synthetic_0494.jpg,A red tree is shown in a field.
synthetic_0495.jpg,A red flower is shown in a yard.
synthetic_0496.jpg,A red flower is shown in a park.
synthetic_0497.jpg,A red bicycle is shown in a yard.
synthetic_0498.jpg,A orange ball is shown in a street.
synthetic_0499.jpg,A purple bicycle is shown in a street.
synthetic_0500.jpg,A green dog is shown in a yard.
